{
  "cut": "H1_2MW",
  "seasons": [
    2016,
    2017,
    2018,
    2019,
    2020,
    2021,
    2022,
    2023,
    2024
  ],
  "family": "negbin(alpha=0.25)",
  "nb_alpha": 0.25,
  "home": {
    "features": [
      "h_off_pass_epa",
      "h_off_rush_epa",
      "h_off_pass_sr",
      "h_off_rush_sr",
      "score_diff_home_cut",
      "gsr_cut"
    ],
    "mu": [
      0.0678101058655016,
      -0.11307392007589184,
      0.4749396948748517,
      0.3794739250861876,
      1.2065906210392903,
      1940.142374313477
    ],
    "sd": [
      0.44038799762200354,
      0.30504302625546464,
      0.14391358033221938,
      0.15936862621281464,
      9.639991541417135,
      12.800820828408359
    ],
    "beta": [
      -4.942286035692815,
      0.04656020569278435,
      0.022411237460367824,
      0.041275230441878544,
      0.022431509417307854,
      -0.07700411149800906,
      0.0033156433512164145
    ]
  },
  "away": {
    "features": [
      "a_off_pass_epa",
      "a_off_rush_epa",
      "a_off_pass_sr",
      "a_off_rush_sr",
      "score_diff_away_cut",
      "gsr_cut"
    ],
    "mu": [
      0.048746767524740595,
      -0.1062101917869701,
      0.4601596443924731,
      0.3821348678681634,
      -1.2065906210392903,
      1940.142374313477
    ],
    "sd": [
      0.454209721920577,
      0.31282049023144665,
      0.141274563501851,
      0.16545957649266055,
      9.639991541417135,
      12.800820828408359
    ],
    "beta": [
      -4.981043657110138,
      0.06090731328777517,
      0.018766156137028027,
      0.03747950003302814,
      0.03043071861880061,
      -0.0689043755519669,
      0.017915046822214255
    ]
  }
}